rank,domain,url
1,google.com,https://google.com/
4,microsoft.com,https://microsoft.com/
5,facebook.com,https://facebook.com/
6,mail.ru,https://mail.ru/
7,cloudflare.com,https://cloudflare.com/
8,youtube.com,https://youtube.com/
9,apple.com,https://apple.com/
12,instagram.com,https://instagram.com/
14,dzen.ru,https://dzen.ru/
16,twitter.com,https://twitter.com/
18,linkedin.com,https://linkedin.com/
22,amazon.com,https://amazon.com/
24,live.com,https://live.com/
26,azure.com,https://azure.com/
27,wikipedia.org,https://wikipedia.org/
29,github.com,https://github.com/
31,keenetic.io,https://keenetic.io/
32,bing.com,https://bing.com/
33,netflix.com,https://netflix.com/
46,wordpress.org,https://wordpress.org/
48,youtu.be,https://youtu.be/
50,digicert.com,https://digicert.com/
52,pinterest.com,https://pinterest.com/
55,whatsapp.com,https://whatsapp.com/
56,skype.com,https://skype.com/
57,yahoo.com,https://yahoo.com/
60,x.com,https://x.com/
61,msn.com,https://msn.com/
62,spotify.com,https://spotify.com/
63,tiktok.com,https://tiktok.com/
65,gandi.net,https://gandi.net/
66,vimeo.com,https://vimeo.com/
67,akam.net,https://akam.net/
68,adobe.com,https://adobe.com/
69,telekom.de,https://telekom.de/
70,ripn.net,https://ripn.net/
72,cloudflare.net,https://cloudflare.net/
75,myfritz.net,https://myfritz.net/
76,roblox.com,https://roblox.com/
79,tiktokv.com,https://tiktokv.com/
80,wa.me,https://wa.me/
82,googledomains.com,https://googledomains.com/
83,nginx.org,https://nginx.org/
84,qq.com,https://qq.com/
85,yandex.net,https://yandex.net/
86,baidu.com,https://baidu.com/
88,samsung.com,https://samsung.com/
89,opera.com,https://opera.com/
90,bit.ly,https://bit.ly/
91,nic.ru,https://nic.ru/
92,wordpress.com,https://wordpress.com/
93,nginx.com,https://nginx.com/
94,yandex.ru,https://yandex.ru/
97,office365.com,https://office365.com/
98,mozilla.org,https://mozilla.org/
99,windows.com,https://windows.com/
100,ui.com,https://ui.com/
101,sentry.io,https://sentry.io/
102,cloud.microsoft,https://cloud.microsoft/
103,a2z.com,https://a2z.com/
104,root-servers.net,https://root-servers.net/
105,reddit.com,https://reddit.com/
106,intuit.com,https://intuit.com/
110,unity3d.com,https://unity3d.com/
111,blogspot.com,https://blogspot.com/
112,googleadservices.com,https://googleadservices.com/
114,europa.eu,https://europa.eu/
115,t.me,https://t.me/
116,vk.com,https://vk.com/
117,snapchat.com,https://snapchat.com/
119,t-msedge.net,https://t-msedge.net/
120,discord.gg,https://discord.gg/
122,github.io,https://github.io/
123,amazonvideo.com,https://amazonvideo.com/
126,apache.org,https://apache.org/
128,dropbox.com,https://dropbox.com/
129,amazon.dev,https://amazon.dev/
130,gravatar.com,https://gravatar.com/
132,outlook.com,https://outlook.com/
133,spo-msedge.net,https://spo-msedge.net/
134,epicgames.com,https://epicgames.com/
136,msftncsi.com,https://msftncsi.com/
137,steamserver.net,https://steamserver.net/
138,xiaomi.com,https://xiaomi.com/
139,mailinabox.email,https://mailinabox.email/
140,archive.org,https://archive.org/
142,azurefd.net,https://azurefd.net/
143,nih.gov,https://nih.gov/
144,forms.gle,https://forms.gle/
145,one.one,https://one.one/
147,registrar-servers.com,https://registrar-servers.com/
148,kaspersky.com,https://kaspersky.com/
149,ax-msedge.net,https://ax-msedge.net/
150,f5.com,https://f5.com/
151,tumblr.com,https://tumblr.com/
152,applovin.com,https://applovin.com/
154,miit.gov.cn,https://miit.gov.cn/
155,ggpht.com,https://ggpht.com/
156,nytimes.com,https://nytimes.com/
157,msftconnecttest.com,https://msftconnecttest.com/
158,3gppnetwork.org,https://3gppnetwork.org/
159,aliyuncs.com,https://aliyuncs.com/
160,azurewebsites.net,https://azurewebsites.net/
161,paypal.com,https://paypal.com/
162,godaddy.com,https://godaddy.com/
163,shopify.com,https://shopify.com/
165,webex.com,https://webex.com/
167,wac-msedge.net,https://wac-msedge.net/
168,vkuserphoto.ru,https://vkuserphoto.ru/
170,example.com,https://example.com/
171,lencr.org,https://lencr.org/
172,adobe.io,https://adobe.io/
173,aws.dev,https://aws.dev/
174,reg.ru,https://reg.ru/
175,akamaized.net,https://akamaized.net/
176,azureedge.net,https://azureedge.net/
177,flickr.com,https://flickr.com/
178,telekom.net,https://telekom.net/
179,soundcloud.com,https://soundcloud.com/
180,nflxso.net,https://nflxso.net/
181,cnn.com,https://cnn.com/
182,pki.goog,https://pki.goog/
183,userapi.com,https://userapi.com/
184,w3.org,https://w3.org/
186,medium.com,https://medium.com/
188,avast.com,https://avast.com/
190,shifen.com,https://shifen.com/
191,vungle.com,https://vungle.com/
193,theguardian.com,https://theguardian.com/
194,nist.gov,https://nist.gov/
196,spov-msedge.net,https://spov-msedge.net/
197,0xrpc.io,https://0xrpc.io/
199,wildberries.ru,https://wildberries.ru/
200,akamaitech.net,https://akamaitech.net/
201,forbes.com,https://forbes.com/
202,creativecommons.org,https://creativecommons.org/
203,twitch.tv,https://twitch.tv/
204,bbc.com,https://bbc.com/
205,msedge.net,https://msedge.net/
207,ozon.ru,https://ozon.ru/
208,t.co,https://t.co/
209,oracle.com,https://oracle.com/
210,weather.com,https://weather.com/
211,playstation.net,https://playstation.net/
213,meraki.com,https://meraki.com/
214,bbc.co.uk,https://bbc.co.uk/
215,researchgate.net,https://researchgate.net/
216,ebay.com,https://ebay.com/
217,cpanel.net,https://cpanel.net/
218,merkle.io,https://merkle.io/
219,sciencedirect.com,https://sciencedirect.com/
220,sourceforge.net,https://sourceforge.net/
221,mts.ru,https://mts.ru/
223,t-online.de,https://t-online.de/
224,ubuntu.com,https://ubuntu.com/
225,mit.edu,https://mit.edu/
226,canva.com,https://canva.com/
232,doi.org,https://doi.org/
233,roku.com,https://roku.com/
234,doubleverify.com,https://doubleverify.com/
236,forter.com,https://forter.com/
237,youtube-nocookie.com,https://youtube-nocookie.com/
238,android.com,https://android.com/
240,imdb.com,https://imdb.com/
241,wsdvs.com,https://wsdvs.com/
243,linktr.ee,https://linktr.ee/
244,miui.com,https://miui.com/
245,autodesk.com,https://autodesk.com/
247,cisco.com,https://cisco.com/
249,who.int,https://who.int/
250,gmail.com,https://gmail.com/
251,salesforce.com,https://salesforce.com/
253,wixsite.com,https://wixsite.com/
254,hubspot.com,https://hubspot.com/
256,comcast.net,https://comcast.net/
257,yandex.com,https://yandex.com/
258,mangosip.ru,https://mangosip.ru/
259,amazon.co.uk,https://amazon.co.uk/
260,hp.com,https://hp.com/
262,stripe.com,https://stripe.com/
263,ttvnw.net,https://ttvnw.net/
264,launchpad.net,https://launchpad.net/
265,hichina.com,https://hichina.com/
267,telegram.org,https://telegram.org/
268,samsungcloud.com,https://samsungcloud.com/
269,mozilla.com,https://mozilla.com/
272,samsungqbe.com,https://samsungqbe.com/
273,tinyurl.com,https://tinyurl.com/
274,media-amazon.com,https://media-amazon.com/
275,appsflyer.com,https://appsflyer.com/
276,nr-data.net,https://nr-data.net/
277,akamaihd.net,https://akamaihd.net/
278,shalltry.com,https://shalltry.com/
279,ampproject.org,https://ampproject.org/
280,springer.com,https://springer.com/
281,myshopify.com,https://myshopify.com/
282,dropcatch.com,https://dropcatch.com/
283,inmobi.com,https://inmobi.com/
284,ok.ru,https://ok.ru/
285,heytapmobile.com,https://heytapmobile.com/
287,facebook.net,https://facebook.net/
288,launchdarkly.com,https://launchdarkly.com/
289,pages.dev,https://pages.dev/
290,nasa.gov,https://nasa.gov/
291,etsy.com,https://etsy.com/
293,alibaba.com,https://alibaba.com/
294,www.gov.uk,https://www.gov.uk/
295,steampowered.com,https://steampowered.com/
296,reuters.com,https://reuters.com/
297,googleblog.com,https://googleblog.com/
298,wbx2.com,https://wbx2.com/
299,ibm.com,https://ibm.com/
300,wyzecam.com,https://wyzecam.com/
301,mtgglobals.com,https://mtgglobals.com/
303,trueconf.net,https://trueconf.net/
305,harvard.edu,https://harvard.edu/
306,ipv4only.arpa,https://ipv4only.arpa/
307,ea.com,https://ea.com/
308,weibo.com,https://weibo.com/
309,drom.ru,https://drom.ru/
310,booking.com,https://booking.com/
312,php.net,https://php.net/
314,nature.com,https://nature.com/
316,debian.org,https://debian.org/
317,crashlytics.com,https://crashlytics.com/
318,llamarpc.com,https://llamarpc.com/
319,adsafeprotected.com,https://adsafeprotected.com/
320,wiley.com,https://wiley.com/
321,capcutapi.com,https://capcutapi.com/
322,issuu.com,https://issuu.com/
323,name-services.com,https://name-services.com/
324,jsdelivr.net,https://jsdelivr.net/
325,grammarly.com,https://grammarly.com/
326,onelink.me,https://onelink.me/
327,businessinsider.com,https://businessinsider.com/
328,tradingview.com,https://tradingview.com/
329,checkpoint.com,https://checkpoint.com/
331,netflix.net,https://netflix.net/
332,ivi.ru,https://ivi.ru/
333,weebly.com,https://weebly.com/
335,bilibili.com,https://bilibili.com/
336,kwai-pro.com,https://kwai-pro.com/
337,mi.com,https://mi.com/
338,cdc.gov,https://cdc.gov/
339,tiktokv.us,https://tiktokv.us/
340,moe.video,https://moe.video/
342,clarity.ms,https://clarity.ms/
343,gnu.org,https://gnu.org/
344,kaspersky-labs.com,https://kaspersky-labs.com/
345,washingtonpost.com,https://washingtonpost.com/
346,inner-active.mobi,https://inner-active.mobi/
347,adriver.ru,https://adriver.ru/
348,un.org,https://un.org/
349,3lift.com,https://3lift.com/
350,publicnode.com,https://publicnode.com/
351,wsj.com,https://wsj.com/
352,ezvizlife.com,https://ezvizlife.com/
353,bamgrid.com,https://bamgrid.com/
354,amplitude.com,https://amplitude.com/
355,naver.com,https://naver.com/
357,cookielaw.org,https://cookielaw.org/
358,dailymail.co.uk,https://dailymail.co.uk/
359,allawnos.com,https://allawnos.com/
362,afternic.com,https://afternic.com/
363,samsungcloudsolution.com,https://samsungcloudsolution.com/
364,dell.com,https://dell.com/
365,xboxlive.com,https://xboxlive.com/
366,bloomberg.com,https://bloomberg.com/
367,aliyun.com,https://aliyun.com/
368,telegraph.co.uk,https://telegraph.co.uk/
370,stanford.edu,https://stanford.edu/
371,dailymotion.com,https://dailymotion.com/
372,nvidia.com,https://nvidia.com/
373,vk.ru,https://vk.ru/
374,trustpilot.com,https://trustpilot.com/
375,mynetname.net,https://mynetname.net/
376,plesk.com,https://plesk.com/
377,live-video.net,https://live-video.net/
379,temu.com,https://temu.com/
380,tp-link.com,https://tp-link.com/
381,heytapdl.com,https://heytapdl.com/
382,cornell.edu,https://cornell.edu/
383,globo.com,https://globo.com/
384,hcaptcha.com,https://hcaptcha.com/
385,amazonalexa.com,https://amazonalexa.com/
386,vivoglobal.com,https://vivoglobal.com/
388,aliexpress.com,https://aliexpress.com/
389,indeed.com,https://indeed.com/
390,vedsalb.com,https://vedsalb.com/
391,amazon.de,https://amazon.de/
392,awsglobalaccelerator.com,https://awsglobalaccelerator.com/
393,espn.com,https://espn.com/
394,rzone.de,https://rzone.de/
395,unsplash.com,https://unsplash.com/
396,aliyuncsslbintl.com,https://aliyuncsslbintl.com/
397,elasticbeanstalk.com,https://elasticbeanstalk.com/
398,sc-gw.com,https://sc-gw.com/
399,walmart.com,https://walmart.com/
400,online-metrix.net,https://online-metrix.net/
401,cookiedatabase.org,https://cookiedatabase.org/
402,byteoversea.net,https://byteoversea.net/
403,go.com,https://go.com/
404,kwaipros.com,https://kwaipros.com/
405,sfx.ms,https://sfx.ms/
406,zendesk.com,https://zendesk.com/
407,intel.com,https://intel.com/
408,adobe.net,https://adobe.net/
409,calendly.com,https://calendly.com/
410,ip-api.com,https://ip-api.com/
412,telegram.me,https://telegram.me/
413,tbcache.com,https://tbcache.com/
414,discord.media,https://discord.media/
415,line.me,https://line.me/
416,icloud-content.com,https://icloud-content.com/
417,163.com,https://163.com/
418,wp.com,https://wp.com/
420,easebar.com,https://easebar.com/
422,tiktokv.eu,https://tiktokv.eu/
423,vkuser.net,https://vkuser.net/
424,steamcommunity.com,https://steamcommunity.com/
425,netangels.ru,https://netangels.ru/
426,gitlab.com,https://gitlab.com/
428,pixabay.com,https://pixabay.com/
429,huawei.com,https://huawei.com/
430,taobao.com,https://taobao.com/
431,pangle.io,https://pangle.io/
432,whecloud.com,https://whecloud.com/
433,statista.com,https://statista.com/
434,telecid.ru,https://telecid.ru/
435,gamepass.com,https://gamepass.com/
437,cnbc.com,https://cnbc.com/
438,duolingo.com,https://duolingo.com/
440,netease.com,https://netease.com/
441,libp2p.direct,https://libp2p.direct/
442,hostgator.com,https://hostgator.com/
443,quickconnect.to,https://quickconnect.to/
444,quora.com,https://quora.com/
445,list-manage.com,https://list-manage.com/
446,aol.com,https://aol.com/
447,goodreads.com,https://goodreads.com/
448,npr.org,https://npr.org/
449,docker.com,https://docker.com/
450,dual-s-msedge.net,https://dual-s-msedge.net/
451,duckduckgo.com,https://duckduckgo.com/
452,addtoany.com,https://addtoany.com/
453,beian.gov.cn,https://beian.gov.cn/
454,eventbrite.com,https://eventbrite.com/
455,ngenix.net,https://ngenix.net/
456,myqcloud.com,https://myqcloud.com/
457,arubanetworks.com,https://arubanetworks.com/
458,yahoo.co.jp,https://yahoo.co.jp/
459,paloaltonetworks.com,https://paloaltonetworks.com/
460,mikrotik.com,https://mikrotik.com/
461,tm-azurefd.net,https://tm-azurefd.net/
462,expireddomains.com,https://expireddomains.com/
463,g.page,https://g.page/
465,speedtest.net,https://speedtest.net/
466,foxnews.com,https://foxnews.com/
467,nflxvideo.net,https://nflxvideo.net/
468,eye4.cn,https://eye4.cn/
470,kwai.net,https://kwai.net/
471,ietf.org,https://ietf.org/
472,giphy.com,https://giphy.com/
474,nstld.com,https://nstld.com/
475,gosuslugi.ru,https://gosuslugi.ru/
476,amzn.to,https://amzn.to/
477,mediatek.com,https://mediatek.com/
478,mysql.com,https://mysql.com/
479,scribd.com,https://scribd.com/
480,behance.net,https://behance.net/
481,crpt.ru,https://crpt.ru/
482,sberbank.ru,https://sberbank.ru/
483,myhuaweicloud.com,https://myhuaweicloud.com/
484,shein.com,https://shein.com/
485,google.com.br,https://google.com.br/
486,skyhigh.cloud,https://skyhigh.cloud/
487,atlassian.net,https://atlassian.net/
488,msidentity.com,https://msidentity.com/
489,mcafee.com,https://mcafee.com/
490,oxylabs.io,https://oxylabs.io/
491,nease.net,https://nease.net/
492,google.de,https://google.de/
493,slideshare.net,https://slideshare.net/
494,indiatimes.com,https://indiatimes.com/
495,tencent-cloud.net,https://tencent-cloud.net/
497,stackoverflow.com,https://stackoverflow.com/
498,nbcnews.com,https://nbcnews.com/
499,apnews.com,https://apnews.com/
500,xcal.tv,https://xcal.tv/
501,bsky.app,https://bsky.app/
502,shopifysvc.com,https://shopifysvc.com/
503,wired.com,https://wired.com/
504,visualstudio.com,https://visualstudio.com/
505,firefox.com,https://firefox.com/
506,name.com,https://name.com/
507,imcmdb.net,https://imcmdb.net/
508,gandi-ns.fr,https://gandi-ns.fr/
509,amazon.co.jp,https://amazon.co.jp/
510,blogger.com,https://blogger.com/
511,sohu.com,https://sohu.com/
512,palmplaystore.com,https://palmplaystore.com/
513,sina.com.cn,https://sina.com.cn/
514,imgsmail.ru,https://imgsmail.ru/
516,360yield.com,https://360yield.com/
517,safebrowsing.apple,https://safebrowsing.apple/
518,ft.com,https://ft.com/
519,okta.com,https://okta.com/
520,uol.com.br,https://uol.com.br/
521,time.com,https://time.com/
522,awswaf.com,https://awswaf.com/
523,nic.direct,https://nic.direct/
524,usatoday.com,https://usatoday.com/
526,dynatrace.com,https://dynatrace.com/
527,run.app,https://run.app/
528,worldnic.com,https://worldnic.com/
529,ya.ru,https://ya.ru/
530,my.com,https://my.com/
531,patreon.com,https://patreon.com/
532,deviantart.com,https://deviantart.com/
533,svc.ms,https://svc.ms/
534,jquery.com,https://jquery.com/
535,teamviewer.com,https://teamviewer.com/
536,capcut.com,https://capcut.com/
537,eset.com,https://eset.com/
538,tplinkcloud.com,https://tplinkcloud.com/
539,ipinfo.io,https://ipinfo.io/
540,fandom.com,https://fandom.com/
541,t-mobile.com,https://t-mobile.com/
542,trendmicro.com,https://trendmicro.com/
543,uber.com,https://uber.com/
545,wix.com,https://wix.com/
546,vkontakte.ru,https://vkontakte.ru/
547,substack.com,https://substack.com/
548,oup.com,https://oup.com/
549,fast.com,https://fast.com/
550,brave.com,https://brave.com/
551,byteglb.com,https://byteglb.com/
553,tandfonline.com,https://tandfonline.com/
554,uk.com,https://uk.com/
555,braze.com,https://braze.com/
556,a-msedge.net,https://a-msedge.net/
560,ys7.com,https://ys7.com/
561,tripadvisor.com,https://tripadvisor.com/
563,playstation.com,https://playstation.com/
564,atlassian.com,https://atlassian.com/
565,force.com,https://force.com/
567,target.com,https://target.com/
568,withgoogle.com,https://withgoogle.com/
569,berkeley.edu,https://berkeley.edu/
570,rt.ru,https://rt.ru/
571,shopee.com.br,https://shopee.com.br/
572,timeweb.ru,https://timeweb.ru/
574,rakuten.co.jp,https://rakuten.co.jp/
575,supercell.com,https://supercell.com/
576,sharethrough.com,https://sharethrough.com/
577,arxiv.org,https://arxiv.org/
578,amazontrust.com,https://amazontrust.com/
579,hotjar.com,https://hotjar.com/
580,mega.co.nz,https://mega.co.nz/
581,samsungapps.com,https://samsungapps.com/
582,markmonitor.com,https://markmonitor.com/
583,oraclecloud.com,https://oraclecloud.com/
584,verisign.com,https://verisign.com/
585,branch.io,https://branch.io/
586,wb.ru,https://wb.ru/
588,adobedtm.com,https://adobedtm.com/
589,loc.gov,https://loc.gov/
590,ca.gov,https://ca.gov/
591,nmrodam.com,https://nmrodam.com/
592,avito.ru,https://avito.ru/
593,xhamster.com,https://xhamster.com/
594,aboutads.info,https://aboutads.info/
595,bidswitch.net,https://bidswitch.net/
596,britannica.com,https://britannica.com/
597,telephony.goog,https://telephony.goog/
598,he.net,https://he.net/
599,adobedc.net,https://adobedc.net/
600,ieee.org,https://ieee.org/
601,intercom.io,https://intercom.io/
602,xiaomi.net,https://xiaomi.net/
603,jotform.com,https://jotform.com/
604,ikea.com,https://ikea.com/
605,noaa.gov,https://noaa.gov/
606,merriam-webster.com,https://merriam-webster.com/
607,imgur.com,https://imgur.com/
609,cloudflareinsights.com,https://cloudflareinsights.com/
610,conviva.com,https://conviva.com/
611,accuweather.com,https://accuweather.com/
612,yelp.com,https://yelp.com/
613,onetrust.com,https://onetrust.com/
614,2gis.com,https://2gis.com/
615,free.fr,https://free.fr/
616,squarespace.com,https://squarespace.com/
617,consultant.ru,https://consultant.ru/
618,surveymonkey.com,https://surveymonkey.com/
620,optimizely.com,https://optimizely.com/
621,spaceweb.pro,https://spaceweb.pro/
622,redhat.com,https://redhat.com/
623,360.cn,https://360.cn/
624,digitalocean.com,https://digitalocean.com/
625,cnet.com,https://cnet.com/
626,googletagservices.com,https://googletagservices.com/
629,hicloud.com,https://hicloud.com/
630,nike.com,https://nike.com/
631,independent.co.uk,https://independent.co.uk/
632,shutterstock.com,https://shutterstock.com/
633,dreamhost.com,https://dreamhost.com/
635,ovh.net,https://ovh.net/
636,appspot.com,https://appspot.com/
637,live.net,https://live.net/
638,ted.com,https://ted.com/
639,fontawesome.com,https://fontawesome.com/
640,cbsnews.com,https://cbsnews.com/
641,amazon.fr,https://amazon.fr/
642,stackadapt.com,https://stackadapt.com/
643,viber.com,https://viber.com/
644,mdpi.com,https://mdpi.com/
645,elpais.com,https://elpais.com/
646,w3schools.com,https://w3schools.com/
647,ups.com,https://ups.com/
648,nic.network,https://nic.network/
649,nic.io,https://nic.io/
650,samsungacr.com,https://samsungacr.com/
651,bx-msedge.net,https://bx-msedge.net/
652,g.co,https://g.co/
653,wattpad.com,https://wattpad.com/
654,comcast.com,https://comcast.com/
655,iiko.it,https://iiko.it/
656,service.gov.uk,https://service.gov.uk/
657,amazon.ca,https://amazon.ca/
658,rackspace.net,https://rackspace.net/
660,outbrain.com,https://outbrain.com/
661,newrelic.com,https://newrelic.com/
663,unesco.org,https://unesco.org/
664,cafe24.com,https://cafe24.com/
665,appcenter.ms,https://appcenter.ms/
666,agkn.com,https://agkn.com/
668,otto.de,https://otto.de/
669,cambridge.org,https://cambridge.org/
670,google.co.uk,https://google.co.uk/
671,dotomi.com,https://dotomi.com/
672,googlezip.net,https://googlezip.net/
673,vidaahub.com,https://vidaahub.com/
675,anydesk.com,https://anydesk.com/
676,google.com.hk,https://google.com.hk/
677,sophos.com,https://sophos.com/
678,techcrunch.com,https://techcrunch.com/
679,bluehost.com,https://bluehost.com/
680,ln-msedge.net,https://ln-msedge.net/
681,b-msedge.net,https://b-msedge.net/
682,tapad.com,https://tapad.com/
683,grammarly.io,https://grammarly.io/
686,ring.com,https://ring.com/
687,mailchimp.com,https://mailchimp.com/
688,bunnyinfra.net,https://bunnyinfra.net/
689,spiegel.de,https://spiegel.de/
690,smaato.net,https://smaato.net/
691,hihonorcloud.com,https://hihonorcloud.com/
692,marriott.com,https://marriott.com/
695,lemonde.fr,https://lemonde.fr/
696,deepl.com,https://deepl.com/
698,typekit.net,https://typekit.net/
699,hath.network,https://hath.network/
700,fb.com,https://fb.com/
701,1rx.io,https://1rx.io/
704,360safe.com,https://360safe.com/
705,venmo.com,https://venmo.com/
707,zoom.com,https://zoom.com/
708,lijit.com,https://lijit.com/
709,crwdcntrl.net,https://crwdcntrl.net/
710,asus.com,https://asus.com/
711,xvideos.com,https://xvideos.com/
712,id5-sync.com,https://id5-sync.com/
713,imrworldwide.com,https://imrworldwide.com/
714,bidr.io,https://bidr.io/
715,sagepub.com,https://sagepub.com/
716,mediafire.com,https://mediafire.com/
717,nintendo.com,https://nintendo.com/
718,freepik.com,https://freepik.com/
719,githubusercontent.com,https://githubusercontent.com/
720,tencent.com,https://tencent.com/
722,amazon.in,https://amazon.in/
723,wbbasket.ru,https://wbbasket.ru/
724,bugsnag.com,https://bugsnag.com/
725,browser-intake-datadoghq.com,https://browser-intake-datadoghq.com/
728,box.com,https://box.com/
729,disneyplus.com,https://disneyplus.com/
730,usgovcloudapi.net,https://usgovcloudapi.net/
731,nel.goog,https://nel.goog/
732,cursor.sh,https://cursor.sh/
733,life360.com,https://life360.com/
734,allaboutcookies.org,https://allaboutcookies.org/
735,homedepot.com,https://homedepot.com/
736,google.cn,https://google.cn/
737,shopee.co.id,https://shopee.co.id/
738,aniview.com,https://aniview.com/
739,amazon.es,https://amazon.es/
740,liadm.com,https://liadm.com/
741,dbankcloud.com,https://dbankcloud.com/
742,omnitagjs.com,https://omnitagjs.com/
743,amazon.it,https://amazon.it/
744,geobasket.ru,https://geobasket.ru/
745,rackspace.com,https://rackspace.com/
746,liftoff.io,https://liftoff.io/
747,zillow.com,https://zillow.com/
748,bandcamp.com,https://bandcamp.com/
749,singular.net,https://singular.net/
750,exp-tas.com,https://exp-tas.com/
751,networkadvertising.org,https://networkadvertising.org/
752,zoho.com,https://zoho.com/
753,me.com,https://me.com/
755,airbnb.com,https://airbnb.com/
756,bestbuy.com,https://bestbuy.com/
757,stripchat.com,https://stripchat.com/
758,lgtvcommon.com,https://lgtvcommon.com/
759,myspace.com,https://myspace.com/
760,sentinelone.net,https://sentinelone.net/
761,gumgum.com,https://gumgum.com/
762,ameblo.jp,https://ameblo.jp/
763,mixpanel.com,https://mixpanel.com/
765,discordapp.com,https://discordapp.com/
766,afilias-nst.info,https://afilias-nst.info/
767,threads.com,https://threads.com/
768,fda.gov,https://fda.gov/
769,fiverr.com,https://fiverr.com/
770,prnewswire.com,https://prnewswire.com/
772,theverge.com,https://theverge.com/
773,latimes.com,https://latimes.com/
774,people.com,https://people.com/
775,hbr.org,https://hbr.org/
776,nikkei.com,https://nikkei.com/
777,selectel.ru,https://selectel.ru/
778,dfn.nl,https://dfn.nl/
779,adform.net,https://adform.net/
780,everesttech.net,https://everesttech.net/
781,python.org,https://python.org/
782,33across.com,https://33across.com/
783,mhverifier.ru,https://mhverifier.ru/
784,abovedomains.com,https://abovedomains.com/
785,chinamobile.com,https://chinamobile.com/
786,investopedia.com,https://investopedia.com/
787,wp.pl,https://wp.pl/
788,washington.edu,https://washington.edu/
789,adjust.com,https://adjust.com/
790,disqus.com,https://disqus.com/
791,no-ip.com,https://no-ip.com/
792,bitrix24.ru,https://bitrix24.ru/
793,mayoclinic.org,https://mayoclinic.org/
794,bild.de,https://bild.de/
796,turn.com,https://turn.com/
797,lenovo.com,https://lenovo.com/
798,rakuten.com,https://rakuten.com/
799,welt.de,https://welt.de/
800,teads.tv,https://teads.tv/
801,nypost.com,https://nypost.com/
802,a-mo.net,https://a-mo.net/
803,iso.org,https://iso.org/
805,mckinsey.com,https://mckinsey.com/
806,primevideo.com,https://primevideo.com/
808,kick.com,https://kick.com/
809,datadoghq.com,https://datadoghq.com/
811,synology.com,https://synology.com/
812,hostgator.com.br,https://hostgator.com.br/
813,lefigaro.fr,https://lefigaro.fr/
814,pendo.io,https://pendo.io/
815,fwmrm.net,https://fwmrm.net/
816,arcgis.com,https://arcgis.com/
817,upwork.com,https://upwork.com/
818,dhl.com,https://dhl.com/
819,xbox.com,https://xbox.com/
820,allegro.pl,https://allegro.pl/
821,recaptcha.net,https://recaptcha.net/
823,webmd.com,https://webmd.com/
824,herokuapp.com,https://herokuapp.com/
825,ozone.ru,https://ozone.ru/
826,themeforest.net,https://themeforest.net/
827,moloco.com,https://moloco.com/
828,erome.com,https://erome.com/
829,vivo.com.cn,https://vivo.com.cn/
830,usps.com,https://usps.com/
831,academia.edu,https://academia.edu/
832,azure-devices.net,https://azure-devices.net/
833,miwifi.com,https://miwifi.com/
834,yellowblue.io,https://yellowblue.io/
835,zenecn.net,https://zenecn.net/
836,discogs.com,https://discogs.com/
837,focus.de,https://focus.de/
838,caiway.net,https://caiway.net/
839,firebaseio.com,https://firebaseio.com/
840,pexels.com,https://pexels.com/
841,riotgames.com,https://riotgames.com/
842,cmediahub.ru,https://cmediahub.ru/
843,figma.com,https://figma.com/
844,princeton.edu,https://princeton.edu/
845,usda.gov,https://usda.gov/
846,livejournal.com,https://livejournal.com/
847,flashtalking.com,https://flashtalking.com/
848,ssl-images-amazon.com,https://ssl-images-amazon.com/
850,mercadolivre.com.br,https://mercadolivre.com.br/
851,dbankcloud.ru,https://dbankcloud.ru/
852,ebay.co.uk,https://ebay.co.uk/
853,cloudinary.com,https://cloudinary.com/
854,agoda.com,https://agoda.com/
855,openstreetmap.org,https://openstreetmap.org/
856,shopeemobile.com,https://shopeemobile.com/
857,chess.com,https://chess.com/
858,onetag-sys.com,https://onetag-sys.com/
859,kaspi.kz,https://kaspi.kz/
860,qualtrics.com,https://qualtrics.com/
861,healthline.com,https://healthline.com/
862,it.com,https://it.com/
863,xerox.com,https://xerox.com/
864,afilias-nst.org,https://afilias-nst.org/
865,nintendo.net,https://nintendo.net/
867,amazon.com.br,https://amazon.com.br/
868,go-mpulse.net,https://go-mpulse.net/
869,aiv-delivery.net,https://aiv-delivery.net/
870,seznam.cz,https://seznam.cz/
871,globalsign.com,https://globalsign.com/
872,typeform.com,https://typeform.com/
873,unpkg.com,https://unpkg.com/
874,nationalgeographic.com,https://nationalgeographic.com/
875,ebay.de,https://ebay.de/
876,samsungosp.com,https://samsungosp.com/
877,bankofamerica.com,https://bankofamerica.com/
878,fidelity.com,https://fidelity.com/
879,worldbank.org,https://worldbank.org/
880,deloitte.com,https://deloitte.com/
881,smartthings.com,https://smartthings.com/
883,jetbrains.com,https://jetbrains.com/
884,sportradar.com,https://sportradar.com/
885,prodregistryv2.org,https://prodregistryv2.org/
886,sedo.com,https://sedo.com/
887,docker.io,https://docker.io/
889,ubnt.com,https://ubnt.com/
890,sbb.ch,https://sbb.ch/
891,goskope.com,https://goskope.com/
892,genius.com,https://genius.com/
893,tplinknbu.com,https://tplinknbu.com/
894,pccc.com,https://pccc.com/
895,mailchi.mp,https://mailchi.mp/
896,lowes.com,https://lowes.com/
897,thenai.org,https://thenai.org/
898,frontiersin.org,https://frontiersin.org/
899,playrix.com,https://playrix.com/
900,biblegateway.com,https://biblegateway.com/
901,opera-api.com,https://opera-api.com/
902,faphouse.com,https://faphouse.com/
903,youku.com,https://youku.com/
904,www.gov.br,https://www.gov.br/
905,chaturbate.com,https://chaturbate.com/
906,nextlgsdp.com,https://nextlgsdp.com/
908,poki.com,https://poki.com/
909,wps.com,https://wps.com/
910,wpguardian.com,https://wpguardian.com/
911,daum.net,https://daum.net/
912,ryanair.com,https://ryanair.com/
913,kunluncan.com,https://kunluncan.com/
914,eu-1-id5-sync.com,https://eu-1-id5-sync.com/
915,digitaloceanspaces.com,https://digitaloceanspaces.com/
916,tiktokw.us,https://tiktokw.us/
917,wpguardian.io,https://wpguardian.io/
918,hm.com,https://hm.com/
919,segment.io,https://segment.io/
921,samsungcloudsolution.net,https://samsungcloudsolution.net/
922,agora.io,https://agora.io/
923,character.ai,https://character.ai/
924,pbs.org,https://pbs.org/
925,kleinanzeigen.de,https://kleinanzeigen.de/
926,whitehouse.gov,https://whitehouse.gov/
927,theatlantic.com,https://theatlantic.com/
928,adblockplus.org,https://adblockplus.org/
929,rutube.ru,https://rutube.ru/
930,huffpost.com,https://huffpost.com/
931,onet.pl,https://onet.pl/
932,epa.gov,https://epa.gov/
933,gtm-a2b2.com,https://gtm-a2b2.com/
934,pvp.net,https://pvp.net/
935,repubblica.it,https://repubblica.it/
936,readthedocs.io,https://readthedocs.io/
937,rambler.ru,https://rambler.ru/
938,adgrx.com,https://adgrx.com/
941,smilewanted.com,https://smilewanted.com/
942,clever.com,https://clever.com/
943,weforum.org,https://weforum.org/
945,jd.com,https://jd.com/
946,netgear.com,https://netgear.com/
947,leiniao.com,https://leiniao.com/
948,corriere.it,https://corriere.it/
949,ci-servers.net,https://ci-servers.net/
950,irs.gov,https://irs.gov/
951,starlink.com,https://starlink.com/
952,seedtag.com,https://seedtag.com/
953,fbsbx.com,https://fbsbx.com/
954,microsoftpersonalcontent.com,https://microsoftpersonalcontent.com/
955,rbc.ru,https://rbc.ru/
956,ci-servers.org,https://ci-servers.org/
957,xnxx.com,https://xnxx.com/
958,nexthink.cloud,https://nexthink.cloud/
959,verizon.com,https://verizon.com/
960,elmundo.es,https://elmundo.es/
961,yandex.com.tr,https://yandex.com.tr/
962,columbia.edu,https://columbia.edu/
963,grok.com,https://grok.com/
964,yandexcloud.net,https://yandexcloud.net/
965,bol.com,https://bol.com/
966,xing.com,https://xing.com/
967,linode.com,https://linode.com/
968,attn.tv,https://attn.tv/
969,salesforceliveagent.com,https://salesforceliveagent.com/
970,amazon.com.au,https://amazon.com.au/
971,nexusmods.com,https://nexusmods.com/
972,kickstarter.com,https://kickstarter.com/
973,umich.edu,https://umich.edu/
974,kslawin.com,https://kslawin.com/
975,costco.com,https://costco.com/
976,tsyndicate.com,https://tsyndicate.com/
977,lge.com,https://lge.com/
978,state.gov,https://state.gov/
979,theconversation.com,https://theconversation.com/
980,mercadolibre.com.ar,https://mercadolibre.com.ar/
981,onesignal.com,https://onesignal.com/
982,kwai.com,https://kwai.com/
983,binance.com,https://binance.com/
984,service-now.com,https://service-now.com/
985,cdek.ru,https://cdek.ru/
986,kontur.ru,https://kontur.ru/
987,coupang.com,https://coupang.com/
988,flipkart.com,https://flipkart.com/
989,amagi.tv,https://amagi.tv/
990,sofascore.com,https://sofascore.com/
991,kohls.com,https://kohls.com/
992,webhostbox.net,https://webhostbox.net/
993,pixiv.net,https://pixiv.net/
994,note.com,https://note.com/
995,caixa.gov.br,https://caixa.gov.br/
996,pikabu.ru,https://pikabu.ru/
997,quizlet.com,https://quizlet.com/
998,crazygames.com,https://crazygames.com/
999,kueezrtb.com,https://kueezrtb.com/
1000,privacy-mgmt.com,https://privacy-mgmt.com/
1002,btloader.com,https://btloader.com/
1003,ancestry.com,https://ancestry.com/
1004,ecosia.org,https://ecosia.org/
1005,bidmachine.io,https://bidmachine.io/
1006,epicgames.dev,https://epicgames.dev/
1008,rapid7.com,https://rapid7.com/
1009,youronlinechoices.com,https://youronlinechoices.com/
1010,ioam.de,https://ioam.de/
1011,heytapmobi.com,https://heytapmobi.com/
1012,leparisien.fr,https://leparisien.fr/
1013,1drv.com,https://1drv.com/
1014,fb-t-msedge.net,https://fb-t-msedge.net/
1015,hotstar.com,https://hotstar.com/
1016,ad-delivery.net,https://ad-delivery.net/
1018,macys.com,https://macys.com/
1020,infobae.com,https://infobae.com/
1021,immedia-semi.com,https://immedia-semi.com/
1022,ubi.com,https://ubi.com/
1023,split.io,https://split.io/
1024,tiktokpangle.us,https://tiktokpangle.us/
1025,4dex.io,https://4dex.io/
1026,cbc.ca,https://cbc.ca/
1027,olx.com.br,https://olx.com.br/
1028,trendyol.com,https://trendyol.com/
1029,hilton.com,https://hilton.com/
1030,onedrive.com,https://onedrive.com/
1031,richaudience.com,https://richaudience.com/
1032,dribbble.com,https://dribbble.com/
1034,i18n-pglstatp.com,https://i18n-pglstatp.com/
1035,redfin.com,https://redfin.com/
1036,yximgs.com,https://yximgs.com/
1037,yle.fi,https://yle.fi/
1038,fbpigeon.com,https://fbpigeon.com/
1039,webempresa.eu,https://webempresa.eu/
1040,ouest-france.fr,https://ouest-france.fr/
1041,abc.es,https://abc.es/
1042,odoo.com,https://odoo.com/
1043,meethue.com,https://meethue.com/
1044,maricopa.gov,https://maricopa.gov/
1046,alphonso.tv,https://alphonso.tv/
1048,google.co.jp,https://google.co.jp/
1051,as.com,https://as.com/
1052,marca.com,https://marca.com/
1053,amazon.com.mx,https://amazon.com.mx/
1054,news.com.au,https://news.com.au/
1055,zhihu.com,https://zhihu.com/
1056,letterboxd.com,https://letterboxd.com/
1057,bfmtv.com,https://bfmtv.com/
1058,terra.com.br,https://terra.com.br/
1059,n-tv.de,https://n-tv.de/
1060,ameba.jp,https://ameba.jp/
1061,notion.so,https://notion.so/
1062,statcounter.com,https://statcounter.com/
1063,huffingtonpost.com,https://huffingtonpost.com/
1064,afafb.com,https://afafb.com/
1065,websitewelcome.com,https://websitewelcome.com/
1066,yandex.kz,https://yandex.kz/
1067,eu.com,https://eu.com/
1068,ox.ac.uk,https://ox.ac.uk/
1069,skroutz.gr,https://skroutz.gr/
1070,archiveofourown.org,https://archiveofourown.org/
1071,megafon.ru,https://megafon.ru/
1072,ndr.de,https://ndr.de/
1073,jimdo.com,https://jimdo.com/
1074,coursera.org,https://coursera.org/
1075,ilovepdf.com,https://ilovepdf.com/
1076,warnerbros.com,https://warnerbros.com/
1077,bitdefender.net,https://bitdefender.net/
1079,cspserver.net,https://cspserver.net/
1080,idnes.cz,https://idnes.cz/
1081,samsungcloud.tv,https://samsungcloud.tv/
1082,deezer.com,https://deezer.com/
1083,moneycontrol.com,https://moneycontrol.com/
1084,garmin.com,https://garmin.com/
1085,spamhaus.org,https://spamhaus.org/
1086,apigee.net,https://apigee.net/
1087,pandora.com,https://pandora.com/
1088,edna.ru,https://edna.ru/
1089,gsmarena.com,https://gsmarena.com/
1090,fortune.com,https://fortune.com/
1091,lgtvsdp.com,https://lgtvsdp.com/
1092,contentsquare.net,https://contentsquare.net/
1093,mythad.com,https://mythad.com/
1094,franceinfo.fr,https://franceinfo.fr/
1095,google.fr,https://google.fr/
1096,docomo.ne.jp,https://docomo.ne.jp/
1097,economist.com,https://economist.com/
1098,wise.com,https://wise.com/
1099,classlink.com,https://classlink.com/
1100,1c.ru,https://1c.ru/
1101,apa.org,https://apa.org/
1102,sahibinden.com,https://sahibinden.com/
1103,tnaflix.com,https://tnaflix.com/
1104,aparat.com,https://aparat.com/
1105,inkuai.com,https://inkuai.com/
1106,mercari.com,https://mercari.com/
1107,russianpost.ru,https://russianpost.ru/
1108,leboncoin.fr,https://leboncoin.fr/
1109,parklogic.com,https://parklogic.com/
1110,plos.org,https://plos.org/
1111,finn.no,https://finn.no/
1112,tabelog.com,https://tabelog.com/
1114,vivo.com,https://vivo.com/
1115,gofundme.com,https://gofundme.com/
1116,usercentrics.eu,https://usercentrics.eu/
1117,cqloud.com,https://cqloud.com/
1118,furaffinity.net,https://furaffinity.net/
1119,umbrella.com,https://umbrella.com/
1120,yale.edu,https://yale.edu/
1121,skysports.com,https://skysports.com/
1122,ultimate-guitar.com,https://ultimate-guitar.com/
1123,oecd.org,https://oecd.org/
1124,espncricinfo.com,https://espncricinfo.com/
1125,us.com,https://us.com/
1126,mercadolibre.com.mx,https://mercadolibre.com.mx/
1128,share.google,https://share.google/
1129,olx.pl,https://olx.pl/
1130,hltv.org,https://hltv.org/
1131,lanacion.com.ar,https://lanacion.com.ar/
1132,businesswire.com,https://businesswire.com/
1133,tubi.io,https://tubi.io/
1134,dafont.com,https://dafont.com/
1135,gismeteo.ru,https://gismeteo.ru/
1136,biomedcentral.com,https://biomedcentral.com/
1137,aftonbladet.se,https://aftonbladet.se/
1138,poshvine.com,https://poshvine.com/
1139,trello.com,https://trello.com/
1141,jstor.org,https://jstor.org/
1142,ad.nl,https://ad.nl/
1143,psychologytoday.com,https://psychologytoday.com/
1144,xhamster.desi,https://xhamster.desi/
1145,dbankcloud.cn,https://dbankcloud.cn/
1146,vg.no,https://vg.no/
1148,byteoversea.com,https://byteoversea.com/
1149,flashscore.com,https://flashscore.com/
1150,vivox.com,https://vivox.com/
1151,indilogic.com,https://indilogic.com/
1152,tendawifi.com,https://tendawifi.com/
1153,newsweek.com,https://newsweek.com/
1154,paramountplus.com,https://paramountplus.com/
1155,superhosting.bg,https://superhosting.bg/
1156,susercontent.com,https://susercontent.com/
1157,vercel.app,https://vercel.app/
1159,20minutes.fr,https://20minutes.fr/
1160,wordwall.net,https://wordwall.net/
1161,px-cloud.net,https://px-cloud.net/
1162,idealista.com,https://idealista.com/
1163,tradplusad.com,https://tradplusad.com/
1164,nu.nl,https://nu.nl/
1165,cookpad.com,https://cookpad.com/
1166,jw.org,https://jw.org/
1167,usnews.com,https://usnews.com/
1168,lequipe.fr,https://lequipe.fr/
1169,dmm.co.jp,https://dmm.co.jp/
1171,vnexpress.net,https://vnexpress.net/
1172,xhamster44.desi,https://xhamster44.desi/
1173,leroymerlin.fr,https://leroymerlin.fr/
1174,spoonflower.com,https://spoonflower.com/
1175,abc.net.au,https://abc.net.au/
